Time (s),Velocity (m/s),Acceleration (m/s^2),Position (m)
0.01,27.6993,-7.848,0.277385
0.02,27.6208,-7.848,0.553986
0.03,27.5423,-7.848,0.829802
0.04,27.4639,-7.848,1.10483
0.05,27.3854,-7.848,1.37908
0.06,27.3069,-7.848,1.65254
0.07,27.2284,-7.848,1.92522
0.08,27.1499,-7.848,2.19711
0.09,27.0715,-7.848,2.46822
0.1,26.993,-7.848,2.73854
0.11,26.9145,-7.848,3.00808
0.12,26.836,-7.848,3.27683
0.13,26.7575,-7.848,3.5448
0.14,26.6791,-7.848,3.81198
0.15,26.6006,-7.848,4.07838
0.16,26.5221,-7.848,4.34399
0.17,26.4436,-7.848,4.60882
0.18,26.3651,-7.848,4.87286
0.19,26.2867,-7.848,5.13612
0.2,26.2082,-7.848,5.3986
0.21,26.1297,-7.848,5.66028
0.22,26.0512,-7.848,5.92119
0.23,25.9727,-7.848,6.18131
0.24,25.8943,-7.848,6.44064
0.25,25.8158,-7.848,6.69919
0.26,25.7373,-7.848,6.95696
0.27,25.6588,-7.848,7.21394
0.28,25.5803,-7.848,7.47014
0.29,25.5019,-7.848,7.72555
0.3,25.4234,-7.848,7.98017
0.31,25.3449,-7.848,8.23401
0.32,25.2664,-7.848,8.48707
0.33,25.1879,-7.848,8.73934
0.34,25.1095,-7.848,8.99083
0.35,25.031,-7.848,9.24153
0.36,24.9525,-7.848,9.49145
0.37,24.874,-7.848,9.74058
0.38,24.7955,-7.848,9.98893
0.39,24.7171,-7.848,10.2365
0.4,24.6386,-7.848,10.4833
0.41,24.5601,-7.848,10.7293
0.42,24.4816,-7.848,10.9745
0.43,24.4031,-7.848,11.2189
0.44,24.3247,-7.848,11.4625
0.45,24.2462,-7.848,11.7054
0.46,24.1677,-7.848,11.9475
0.47,24.0892,-7.848,12.1887
0.48,24.0107,-7.848,12.4292
0.49,23.9323,-7.848,12.669
0.5,23.8538,-7.848,12.9079
0.51,23.7753,-7.848,13.146
0.52,23.6968,-7.848,13.3834
0.53,23.6183,-7.848,13.62
0.54,23.5399,-7.848,13.8558
0.55,23.4614,-7.848,14.0908
0.56,23.3829,-7.848,14.325
0.57,23.3044,-7.848,14.5584
0.58,23.2259,-7.848,14.7911
0.59,23.1475,-7.848,15.0229
0.6,23.069,-7.848,15.254
0.61,22.9905,-7.848,15.4843
0.62,22.912,-7.848,15.7138
0.63,22.8335,-7.848,15.9426
0.64,22.7551,-7.848,16.1705
0.65,22.6766,-7.848,16.3977
0.66,22.5981,-7.848,16.624
0.67,22.5196,-7.848,16.8496
0.68,22.4411,-7.848,17.0744
0.69,22.3627,-7.848,17.2985
0.7,22.2842,-7.848,17.5217
0.71,22.2057,-7.848,17.7441
0.72,22.1272,-7.848,17.9658
0.73,22.0487,-7.848,18.1867
0.74,21.9703,-7.848,18.4068
0.75,21.8918,-7.848,18.6261
0.76,21.8133,-7.848,18.8446
0.77,21.7348,-7.848,19.0623
0.78,21.6563,-7.848,19.2793
0.79,21.5779,-7.848,19.4955
0.8,21.4994,-7.848,19.7109
0.81,21.4209,-7.848,19.9255
0.82,21.3424,-7.848,20.1393
0.83,21.2639,-7.848,20.3523
0.84,21.1855,-7.848,20.5646
0.85,21.107,-7.848,20.776
0.86,21.0285,-7.848,20.9867
0.87,20.95,-7.848,21.1966
0.88,20.8715,-7.848,21.4057
0.89,20.7931,-7.848,21.614
0.9,20.7146,-7.848,21.8216
0.91,20.6361,-7.848,22.0283
0.92,20.5576,-7.848,22.2343
0.93,20.4791,-7.848,22.4395
0.94,20.4007,-7.848,22.6439
0.95,20.3222,-7.848,22.8475
0.96,20.2437,-7.848,23.0503
0.97,20.1652,-7.848,23.2524
0.98,20.0867,-7.848,23.4536
0.99,20.0083,-7.848,23.6541
1,19.9298,-7.848,23.8538
1.01,19.8513,-7.848,24.0527
1.02,19.7728,-7.848,24.2508
1.03,19.6943,-7.848,24.4481
1.04,19.6159,-7.848,24.6447
1.05,19.5374,-7.848,24.8405
1.06,19.4589,-7.848,25.0354
1.07,19.3804,-7.848,25.2296
1.08,19.3019,-7.848,25.423
1.09,19.2235,-7.848,25.6157
1.1,19.145,-7.848,25.8075
1.11,19.0665,-7.848,25.9986
1.12,18.988,-7.848,26.1888
1.13,18.9095,-7.848,26.3783
1.14,18.8311,-7.848,26.567
1.15,18.7526,-7.848,26.755
1.16,18.6741,-7.848,26.9421
1.17,18.5956,-7.848,27.1284
1.18,18.5171,-7.848,27.314
1.19,18.4387,-7.848,27.4988
1.2,18.3602,-7.848,27.6828
1.21,18.2817,-7.848,27.866
1.22,18.2032,-7.848,28.0484
1.23,18.1247,-7.848,28.23
1.24,18.0463,-7.848,28.4109
1.25,17.9678,-7.848,28.591
1.26,17.8893,-7.848,28.7703
1.27,17.8108,-7.848,28.9488
1.28,17.7323,-7.848,29.1265
1.29,17.6539,-7.848,29.3034
1.3,17.5754,-7.848,29.4796
1.31,17.4969,-7.848,29.6549
1.32,17.4184,-7.848,29.8295
1.33,17.3399,-7.848,30.0033
1.34,17.2615,-7.848,30.1763
1.35,17.183,-7.848,30.3485
1.36,17.1045,-7.848,30.5199
1.37,17.026,-7.848,30.6906
1.38,16.9475,-7.848,30.8605
1.39,16.8691,-7.848,31.0296
1.4,16.7906,-7.848,31.1978
1.41,16.7121,-7.848,31.3654
1.42,16.6336,-7.848,31.5321
1.43,16.5551,-7.848,31.698
1.44,16.4767,-7.848,31.8632
1.45,16.3982,-7.848,32.0276
1.46,16.3197,-7.848,32.1912
1.47,16.2412,-7.848,32.354
1.48,16.1627,-7.848,32.516
1.49,16.0843,-7.848,32.6772
1.5,16.0058,-7.848,32.8377
1.51,15.9273,-7.848,32.9973
1.52,15.8488,-7.848,33.1562
1.53,15.7703,-7.848,33.3143
1.54,15.6919,-7.848,33.4716
1.55,15.6134,-7.848,33.6281
1.56,15.5349,-7.848,33.7839
1.57,15.4564,-7.848,33.9388
1.58,15.3779,-7.848,34.093
1.59,15.2995,-7.848,34.2464
1.6,15.221,-7.848,34.399
1.61,15.1425,-7.848,34.5508
1.62,15.064,-7.848,34.7019
1.63,14.9855,-7.848,34.8521
1.64,14.9071,-7.848,35.0016
1.65,14.8286,-7.848,35.1502
1.66,14.7501,-7.848,35.2981
1.67,14.6716,-7.848,35.4452
1.68,14.5931,-7.848,35.5916
1.69,14.5147,-7.848,35.7371
1.7,14.4362,-7.848,35.8819
1.71,14.3577,-7.848,36.0258
1.72,14.2792,-7.848,36.169
1.73,14.2007,-7.848,36.3114
1.74,14.1223,-7.848,36.453
1.75,14.0438,-7.848,36.5939
1.76,13.9653,-7.848,36.7339
1.77,13.8868,-7.848,36.8732
1.78,13.8083,-7.848,37.0116
1.79,13.7299,-7.848,37.1493
1.8,13.6514,-7.848,37.2862
1.81,13.5729,-7.848,37.4224
1.82,13.4944,-7.848,37.5577
1.83,13.4159,-7.848,37.6922
1.84,13.3375,-7.848,37.826
1.85,13.259,-7.848,37.959
1.86,13.1805,-7.848,38.0912
1.87,13.102,-7.848,38.2226
1.88,13.0235,-7.848,38.3532
1.89,12.9451,-7.848,38.4831
1.9,12.8666,-7.848,38.6121
1.91,12.7881,-7.848,38.7404
1.92,12.7096,-7.848,38.8679
1.93,12.6311,-7.848,38.9946
1.94,12.5527,-7.848,39.1205
1.95,12.4742,-7.848,39.2457
1.96,12.3957,-7.848,39.37
1.97,12.3172,-7.848,39.4936
1.98,12.2387,-7.848,39.6164
1.99,12.1603,-7.848,39.7383
2,12.0818,-7.848,39.8596
2.01,12.0033,-7.848,39.98
2.02,11.9248,-7.848,40.0996
2.03,11.8463,-7.848,40.2185
2.04,11.7679,-7.848,40.3365
2.05,11.6894,-7.848,40.4538
2.06,11.6109,-7.848,40.5703
2.07,11.5324,-7.848,40.6861
2.08,11.4539,-7.848,40.801
2.09,11.3755,-7.848,40.9151
2.1,11.297,-7.848,41.0285
2.11,11.2185,-7.848,41.1411
2.12,11.14,-7.848,41.2529
2.13,11.0615,-7.848,41.3639
2.14,10.9831,-7.848,41.4741
2.15,10.9046,-7.848,41.5835
2.16,10.8261,-7.848,41.6922
2.17,10.7476,-7.848,41.8001
2.18,10.6691,-7.848,41.9071
2.19,10.5907,-7.848,42.0134
2.2,10.5122,-7.848,42.119
2.21,10.4337,-7.848,42.2237
2.22,10.3552,-7.848,42.3276
2.23,10.2767,-7.848,42.4308
2.24,10.1983,-7.848,42.5332
2.25,10.1198,-7.848,42.6348
2.26,10.0413,-7.848,42.7356
2.27,9.96282,-7.848,42.8356
2.28,9.88434,-7.848,42.9348
2.29,9.80586,-7.848,43.0333
2.3,9.72738,-7.848,43.1309
2.31,9.6489,-7.848,43.2278
2.32,9.57042,-7.848,43.3239
2.33,9.49194,-7.848,43.4192
2.34,9.41346,-7.848,43.5137
2.35,9.33498,-7.848,43.6075
2.36,9.2565,-7.848,43.7004
2.37,9.17802,-7.848,43.7926
2.38,9.09954,-7.848,43.884
2.39,9.02106,-7.848,43.9746
2.4,8.94258,-7.848,44.0644
2.41,8.8641,-7.848,44.1535
2.42,8.78562,-7.848,44.2417
2.43,8.70714,-7.848,44.3292
2.44,8.62866,-7.848,44.4159
2.45,8.55018,-7.848,44.5017
2.46,8.4717,-7.848,44.5869
2.47,8.39322,-7.848,44.6712
2.48,8.31474,-7.848,44.7547
2.49,8.23626,-7.848,44.8375
2.5,8.15778,-7.848,44.9194
2.51,8.0793,-7.848,45.0006
2.52,8.00082,-7.848,45.081
2.53,7.92234,-7.848,45.1606
2.54,7.84386,-7.848,45.2395
2.55,7.76538,-7.848,45.3175
2.56,7.6869,-7.848,45.3948
2.57,7.60842,-7.848,45.4713
2.58,7.52994,-7.848,45.547
2.59,7.45146,-7.848,45.6219
2.6,7.37298,-7.848,45.696
2.61,7.2945,-7.848,45.7693
2.62,7.21602,-7.848,45.8419
2.63,7.13754,-7.848,45.9136
2.64,7.05906,-7.848,45.9846
2.65,6.98058,-7.848,46.0548
2.66,6.9021,-7.848,46.1242
2.67,6.82362,-7.848,46.1929
2.68,6.74514,-7.848,46.2607
2.69,6.66666,-7.848,46.3278
2.7,6.58818,-7.848,46.394
2.71,6.5097,-7.848,46.4595
2.72,6.43122,-7.848,46.5242
2.73,6.35274,-7.848,46.5882
2.74,6.27426,-7.848,46.6513
2.75,6.19578,-7.848,46.7136
2.76,6.1173,-7.848,46.7752
2.77,6.03882,-7.848,46.836
2.78,5.96034,-7.848,46.896
2.79,5.88186,-7.848,46.9552
2.8,5.80338,-7.848,47.0136
2.81,5.7249,-7.848,47.0713
2.82,5.64642,-7.848,47.1281
2.83,5.56794,-7.848,47.1842
2.84,5.48946,-7.848,47.2395
2.85,5.41098,-7.848,47.294
2.86,5.3325,-7.848,47.3477
2.87,5.25402,-7.848,47.4006
2.88,5.17554,-7.848,47.4528
2.89,5.09706,-7.848,47.5041
2.9,5.01858,-7.848,47.5547
2.91,4.9401,-7.848,47.6045
2.92,4.86162,-7.848,47.6535
2.93,4.78314,-7.848,47.7017
2.94,4.70466,-7.848,47.7492
2.95,4.62618,-7.848,47.7958
2.96,4.5477,-7.848,47.8417
2.97,4.46922,-7.848,47.8868
2.98,4.39074,-7.848,47.9311
2.99,4.31226,-7.848,47.9746
3,4.23378,-7.848,48.0173
3.01,4.1553,-7.848,48.0593
3.02,4.07682,-7.848,48.1004
3.03,3.99834,-7.848,48.1408
3.04,3.91986,-7.848,48.1804
3.05,3.84138,-7.848,48.2192
3.06,3.7629,-7.848,48.2572
3.07,3.68442,-7.848,48.2945
3.08,3.60594,-7.848,48.3309
3.09,3.52746,-7.848,48.3666
3.1,3.44898,-7.848,48.4015
3.11,3.3705,-7.848,48.4356
3.12,3.29202,-7.848,48.4689
3.13,3.21354,-7.848,48.5014
3.14,3.13506,-7.848,48.5332
3.15,3.05658,-7.848,48.5641
3.16,2.9781,-7.848,48.5943
3.17,2.89962,-7.848,48.6237
3.18,2.82114,-7.848,48.6523
3.19,2.74266,-7.848,48.6801
3.2,2.66418,-7.848,48.7071
3.21,2.5857,-7.848,48.7334
3.22,2.50722,-7.848,48.7588
3.23,2.42874,-7.848,48.7835
3.24,2.35026,-7.848,48.8074
3.25,2.27178,-7.848,48.8305
3.26,2.1933,-7.848,48.8529
3.27,2.11482,-7.848,48.8744
3.28,2.03634,-7.848,48.8951
3.29,1.95786,-7.848,48.9151
3.3,1.87938,-7.848,48.9343
3.31,1.8009,-7.848,48.9527
3.32,1.72242,-7.848,48.9703
3.33,1.64394,-7.848,48.9872
3.34,1.56546,-7.848,49.0032
3.35,1.48698,-7.848,49.0185
3.36,1.4085,-7.848,49.0329
3.37,1.33002,-7.848,49.0466
3.38,1.25154,-7.848,49.0595
3.39,1.17306,-7.848,49.0717
3.4,1.09458,-7.848,49.083
3.41,1.0161,-7.848,49.0936
3.42,0.937618,-7.848,49.1033
3.43,0.859138,-7.848,49.1123
3.44,0.780658,-7.848,49.1205
3.45,0.702178,-7.848,49.1279
3.46,0.623698,-7.848,49.1346
3.47,0.545218,-7.848,49.1404
3.48,0.466738,-7.848,49.1455
3.49,0.388258,-7.848,49.1497
3.5,0.309778,-7.848,49.1532
3.51,0.231298,-7.848,49.1559
3.52,0.152818,-7.848,49.1578
3.53,0.0743378,-7.848,49.159
3.54,0,0,49.1593
